年,月,日,小时,分钟,秒,南北纬,纬度,纬度,经度,经度,东西经,
17年,05月,10日,01时,32分,38秒,北纬,40度,47.533分,111度,41.856分,西经,
17年,05月,10日,01时,32分,39秒,北纬,40度,47.532分,111度,41.852分,西经,
17年,05月,10日,01时,32分,39秒,北纬,40度,47.532分,111度,41.852分,西经,
17年,05月,10日,01时,32分,41秒,北纬,40度,47.557分,111度,41.837分,西经,
17年,05月,10日,01时,32分,42秒,北纬,40度,47.563分,111度,41.830分,西经,
17年,05月,10日,01时,32分,43秒,北纬,40度,47.561分,111度,41.826分,西经,
17年,05月,10日,01时,32分,44秒,北纬,40度,47.560分,111度,41.821分,西经,
17年,05月,10日,01时,32分,45秒,北纬,40度,47.559分,111度,41.815分,西经,
17年,05月,10日,01时,32分,46秒,北纬,40度,47.560分,111度,41.810分,西经,
17年,05月,10日,01时,32分,47秒,北纬,40度,47.558分,111度,41.806分,西经,
17年,05月,10日,01时,32分,48秒,北纬,40度,47.558分,111度,41.800分,西经,
17年,05月,10日,01时,32分,49秒,北纬,40度,47.555分,111度,41.796分,西经,
17年,05月,10日,01时,32分,50秒,北纬,40度,47.551分,111度,41.791分,西经,
17年,05月,10日,01时,32分,51秒,北纬,40度,47.549分,111度,41.787分,西经,
17年,05月,10日,01时,32分,52秒,北纬,40度,47.547分,111度,41.783分,西经,
17年,05月,10日,01时,32分,53秒,北纬,40度,47.548分,111度,41.779分,西经,
17年,05月,10日,01时,32分,54秒,北纬,40度,47.547分,111度,41.776分,西经,
17年,05月,10日,01时,32分,55秒,北纬,40度,47.547分,111度,41.771分,西经,
17年,05月,10日,01时,32分,56秒,北纬,40度,47.549分,111度,41.769分,西经,
17年,05月,10日,01时,32分,57秒,北纬,40度,47.552分,111度,41.767分,西经,
17年,05月,10日,01时,32分,58秒,北纬,40度,47.556分,111度,41.766分,西经,
17年,05月,10日,01时,32分,59秒,北纬,40度,47.560分,111度,41.764分,西经,
17年,05月,10日,01时,33分,00秒,北纬,40度,47.565分,111度,41.762分,西经,
17年,05月,10日,01时,33分,01秒,北纬,40度,47.571分,111度,41.759分,西经,
17年,05月,10日,01时,33分,02秒,北纬,40度,47.577分,111度,41.757分,西经,
17年,05月,10日,01时,33分,03秒,北纬,40度,47.583分,111度,41.754分,西经,
17年,05月,10日,01时,33分,04秒,北纬,40度,47.589分,111度,41.751分,西经,
17年,05月,10日,01时,33分,05秒,北纬,40度,47.595分,111度,41.748分,西经,
17年,05月,10日,01时,33分,06秒,北纬,40度,47.601分,111度,41.746分,西经,
17年,05月,10日,01时,33分,07秒,北纬,40度,47.607分,111度,41.743分,西经,
17年,05月,10日,01时,33分,08秒,北纬,40度,47.613分,111度,41.741分,西经,
17年,05月,10日,01时,33分,09秒,北纬,40度,47.618分,111度,41.738分,西经,
17年,05月,10日,01时,33分,10秒,北纬,40度,47.623分,111度,41.737分,西经,
17年,05月,10日,01时,33分,11秒,北纬,40度,47.627分,111度,41.735分,西经,
17年,05月,10日,01时,33分,12秒,北纬,40度,47.631分,111度,41.734分,西经,
17年,05月,10日,01时,33分,13秒,北纬,40度,47.634分,111度,41.733分,西经,
17年,05月,10日,01时,33分,14秒,北纬,40度,47.637分,111度,41.732分,西经,
17年,05月,10日,01时,33分,15秒,北纬,40度,47.639分,111度,41.731分,西经,
17年,05月,10日,01时,33分,16秒,北纬,40度,47.641分,111度,41.730分,西经,
17年,05月,10日,01时,33分,17秒,北纬,40度,47.643分,111度,41.730分,西经,
17年,05月,10日,01时,33分,18秒,北纬,40度,47.645分,111度,41.729分,西经,
17年,05月,10日,01时,33分,19秒,北纬,40度,47.646分,111度,41.728分,西经,
17年,05月,10日,01时,33分,20秒,北纬,40度,47.647分,111度,41.728分,西经,
17年,05月,10日,01时,33分,21秒,北纬,40度,47.648分,111度,41.727分,西经,
17年,05月,10日,01时,33分,22秒,北纬,40度,47.648分,111度,41.727分,西经,
17年,05月,10日,01时,33分,23秒,北纬,40度,47.648分,111度,41.727分,西经,
17年,05月,10日,01时,33分,24秒,北纬,40度,47.648分,111度,41.727分,西经,
17年,05月,10日,01时,33分,25秒,北纬,40度,47.617分,111度,41.721分,西经,
17年,05月,10日,01时,33分,26秒,北纬,40度,47.617分,111度,41.720分,西经,
17年,05月,10日,01时,33分,27秒,北纬,40度,47.617分,111度,41.721分,西经,
17年,05月,10日,01时,33分,28秒,北纬,40度,47.618分,111度,41.722分,西经,
17年,05月,10日,01时,33分,29秒,北纬,40度,47.618分,111度,41.722分,西经,
17年,05月,10日,01时,33分,30秒,北纬,40度,47.618分,111度,41.723分,西经,
17年,05月,10日,01时,33分,31秒,北纬,40度,47.617分,111度,41.726分,西经,
17年,05月,10日,01时,33分,32秒,北纬,40度,47.616分,111度,41.728分,西经,
17年,05月,10日,01时,33分,33秒,北纬,40度,47.617分,111度,41.734分,西经,
17年,05月,10日,01时,33分,34秒,北纬,40度,47.617分,111度,41.736分,西经,
17年,05月,10日,01时,33分,35秒,北纬,40度,47.617分,111度,41.736分,西经,
17年,05月,10日,01时,33分,36秒,北纬,40度,47.618分,111度,41.736分,西经,
17年,05月,10日,01时,33分,37秒,北纬,40度,47.618分,111度,41.736分,西经,
17年,05月,10日,01时,33分,38秒,北纬,40度,47.619分,111度,41.735分,西经,
17年,05月,10日,01时,33分,39秒,北纬,40度,47.620分,111度,41.735分,西经,
17年,05月,10日,01时,33分,40秒,北纬,40度,47.620分,111度,41.735分,西经,
17年,05月,10日,01时,33分,41秒,北纬,40度,47.621分,111度,41.735分,西经,
17年,05月,10日,01时,33分,42秒,北纬,40度,47.621分,111度,41.735分,西经,
17年,05月,10日,01时,33分,43秒,北纬,40度,47.621分,111度,41.735分,西经,
17年,05月,10日,01时,33分,44秒,北纬,40度,47.621分,111度,41.735分,西经,
17年,05月,10日,01时,33分,45秒,北纬,40度,47.621分,111度,41.735分,西经,
17年,05月,10日,01时,33分,46秒,北纬,40度,47.621分,111度,41.735分,西经,
17年,05月,10日,01时,33分,47秒,北纬,40度,47.621分,111度,41.735分,西经,
17年,05月,10日,01时,33分,48秒,北纬,40度,47.621分,111度,41.735分,西经,
17年,05月,10日,01时,33分,49秒,北纬,40度,47.621分,111度,41.735分,西经,
17年,05月,10日,01时,33分,50秒,北纬,40度,47.621分,111度,41.735分,西经,
17年,05月,10日,01时,33分,51秒,北纬,40度,47.621分,111度,41.735分,西经,
17年,05月,10日,01时,33分,52秒,北纬,40度,47.621分,111度,41.735分,西经,
17年,05月,10日,01时,33分,53秒,北纬,40度,47.621分,111度,41.735分,西经,
17年,05月,10日,01时,33分,54秒,北纬,40度,47.621分,111度,41.735分,西经,
17年,05月,10日,01时,33分,55秒,北纬,40度,47.621分,111度,41.735分,西经,
17年,05月,10日,01时,33分,56秒,北纬,40度,47.621分,111度,41.735分,西经,
17年,05月,10日,01时,33分,57秒,北纬,40度,47.621分,111度,41.735分,西经,
17年,05月,10日,01时,33分,58秒,北纬,40度,47.621分,111度,41.735分,西经,
17年,05月,10日,01时,33分,59秒,北纬,40度,47.621分,111度,41.735分,西经,
17年,05月,10日,01时,34分,00秒,北纬,40度,47.621分,111度,41.735分,西经,
17年,05月,10日,01时,34分,01秒,北纬,40度,47.621分,111度,41.735分,西经,
17年,05月,10日,01时,34分,02秒,北纬,40度,47.621分,111度,41.735分,西经,
17年,05月,10日,01时,34分,03秒,北纬,40度,47.621分,111度,41.735分,西经,
17年,05月,10日,01时,34分,04秒,北纬,40度,47.621分,111度,41.735分,西经,
17年,05月,10日,01时,34分,05秒,北纬,40度,47.621分,111度,41.735分,西经,
17年,05月,10日,01时,34分,06秒,北纬,40度,47.621分,111度,41.735分,西经,
17年,05月,10日,01时,34分,07秒,北纬,40度,47.621分,111度,41.735分,西经,
17年,05月,10日,01时,34分,08秒,北纬,40度,47.621分,111度,41.735分,西经,
17年,05月,10日,01时,34分,09秒,北纬,40度,47.622分,111度,41.734分,西经,
17年,05月,10日,01时,34分,10秒,北纬,40度,47.622分,111度,41.734分,西经,
17年,05月,10日,01时,34分,11秒,北纬,40度,47.623分,111度,41.734分,西经,
17年,05月,10日,01时,34分,12秒,北纬,40度,47.623分,111度,41.734分,西经,
17年,05月,10日,01时,34分,13秒,北纬,40度,47.623分,111度,41.734分,西经,
17年,05月,10日,01时,34分,14秒,北纬,40度,47.624分,111度,41.734分,西经,
17年,05月,10日,01时,34分,15秒,北纬,40度,47.624分,111度,41.733分,西经,
17年,05月,10日,01时,34分,16秒,北纬,40度,47.626分,111度,41.733分,西经,
17年,05月,10日,01时,34分,17秒,北纬,40度,47.626分,111度,41.733分,西经,
17年,05月,10日,01时,34分,18秒,北纬,40度,47.627分,111度,41.733分,西经,
17年,05月,10日,01时,34分,19秒,北纬,40度,47.627分,111度,41.733分,西经,
17年,05月,10日,01时,34分,20秒,北纬,40度,47.627分,111度,41.733分,西经,
17年,05月,10日,01时,34分,21秒,北纬,40度,47.627分,111度,41.733分,西经,
17年,05月,10日,01时,34分,22秒,北纬,40度,47.627分,111度,41.733分,西经,
17年,05月,10日,01时,34分,23秒,北纬,40度,47.627分,111度,41.733分,西经,
17年,05月,10日,01时,34分,24秒,北纬,40度,47.627分,111度,41.733分,西经,
17年,05月,10日,01时,34分,25秒,北纬,40度,47.627分,111度,41.733分,西经,
17年,05月,10日,01时,34分,26秒,北纬,40度,47.627分,111度,41.733分,西经,
17年,05月,10日,01时,34分,27秒,北纬,40度,47.627分,111度,41.733分,西经,
17年,05月,10日,01时,34分,28秒,北纬,40度,47.627分,111度,41.733分,西经,
17年,05月,10日,01时,34分,29秒,北纬,40度,47.627分,111度,41.733分,西经,
17年,05月,10日,01时,34分,30秒,北纬,40度,47.627分,111度,41.733分,西经,
17年,05月,10日,01时,34分,31秒,北纬,40度,47.627分,111度,41.733分,西经,
17年,05月,10日,01时,34分,32秒,北纬,40度,47.627分,111度,41.733分,西经,
17年,05月,10日,01时,34分,33秒,北纬,40度,47.627分,111度,41.733分,西经,
17年,05月,10日,01时,34分,34秒,北纬,40度,47.627分,111度,41.733分,西经,
17年,05月,10日,01时,34分,35秒,北纬,40度,47.627分,111度,41.733分,西经,
17年,05月,10日,01时,34分,36秒,北纬,40度,47.627分,111度,41.733分,西经,
17年,05月,10日,01时,34分,37秒,北纬,40度,47.627分,111度,41.733分,西经,
17年,05月,10日,01时,34分,38秒,北纬,40度,47.627分,111度,41.733分,西经,
17年,05月,10日,01时,34分,39秒,北纬,40度,47.627分,111度,41.733分,西经,
17年,05月,10日,01时,34分,40秒,北纬,40度,47.627分,111度,41.733分,西经,
17年,05月,10日,01时,34分,41秒,北纬,40度,47.627分,111度,41.733分,西经,
17年,05月,10日,01时,34分,42秒,北纬,40度,47.627分,111度,41.733分,西经,
17年,05月,10日,01时,34分,43秒,北纬,40度,47.627分,111度,41.733分,西经,
17年,05月,10日,01时,34分,44秒,北纬,40度,47.628分,111度,41.732分,西经,
17年,05月,10日,01时,34分,45秒,北纬,40度,47.628分,111度,41.732分,西经,
17年,05月,10日,01时,34分,46秒,北纬,40度,47.628分,111度,41.732分,西经,
17年,05月,10日,01时,34分,47秒,北纬,40度,47.629分,111度,41.731分,西经,
17年,05月,10日,01时,34分,48秒,北纬,40度,47.630分,111度,41.731分,西经,
17年,05月,10日,01时,34分,49秒,北纬,40度,47.631分,111度,41.729分,西经,
17年,05月,10日,01时,34分,50秒,北纬,40度,47.633分,111度,41.729分,西经,
17年,05月,10日,01时,34分,51秒,北纬,40度,47.635分,111度,41.727分,西经,
17年,05月,10日,01时,34分,52秒,北纬,40度,47.637分,111度,41.726分,西经,
17年,05月,10日,01时,34分,53秒,北纬,40度,47.640分,111度,41.724分,西经,
17年,05月,10日,01时,34分,54秒,北纬,40度,47.642分,111度,41.722分,西经,
17年,05月,10日,01时,34分,55秒,北纬,40度,47.645分,111度,41.721分,西经,
17年,05月,10日,01时,34分,56秒,北纬,40度,47.647分,111度,41.720分,西经,
17年,05月,10日,01时,34分,57秒,北纬,40度,47.649分,111度,41.719分,西经,
17年,05月,10日,01时,34分,58秒,北纬,40度,47.651分,111度,41.718分,西经,
17年,05月,10日,01时,34分,59秒,北纬,40度,47.654分,111度,41.717分,西经,
17年,05月,10日,01时,35分,00秒,北纬,40度,47.657分,111度,41.716分,西经,
17年,05月,10日,01时,35分,01秒,北纬,40度,47.660分,111度,41.715分,西经,
17年,05月,10日,01时,35分,02秒,北纬,40度,47.664分,111度,41.714分,西经,
17年,05月,10日,01时,35分,03秒,北纬,40度,47.667分,111度,41.713分,西经,
17年,05月,10日,01时,35分,04秒,北纬,40度,47.670分,111度,41.711分,西经,
17年,05月,10日,01时,35分,05秒,北纬,40度,47.674分,111度,41.709分,西经,
17年,05月,10日,01时,35分,06秒,北纬,40度,47.677分,111度,41.708分,西经,
17年,05月,10日,01时,35分,07秒,北纬,40度,47.680分,111度,41.707分,西经,
17年,05月,10日,01时,35分,08秒,北纬,40度,47.683分,111度,41.705分,西经,
17年,05月,10日,01时,35分,09秒,北纬,40度,47.686分,111度,41.704分,西经,
17年,05月,10日,01时,35分,10秒,北纬,40度,47.688分,111度,41.704分,西经,
17年,05月,10日,01时,35分,11秒,北纬,40度,47.690分,111度,41.703分,西经,
17年,05月,10日,01时,35分,12秒,北纬,40度,47.693分,111度,41.702分,西经,
17年,05月,10日,01时,35分,13秒,北纬,40度,47.695分,111度,41.701分,西经,
17年,05月,10日,01时,35分,14秒,北纬,40度,47.697分,111度,41.701分,西经,
17年,05月,10日,01时,35分,15秒,北纬,40度,47.699分,111度,41.700分,西经,
17年,05月,10日,01时,35分,16秒,北纬,40度,47.700分,111度,41.700分,西经,
17年,05月,10日,01时,35分,17秒,北纬,40度,47.701分,111度,41.699分,西经,
17年,05月,10日,01时,35分,18秒,北纬,40度,47.702分,111度,41.700分,西经,
17年,05月,10日,01时,35分,19秒,北纬,40度,47.702分,111度,41.700分,西经,
17年,05月,10日,01时,35分,20秒,北纬,40度,47.703分,111度,41.701分,西经,
17年,05月,10日,01时,35分,21秒,北纬,40度,47.704分,111度,41.700分,西经,
17年,05月,10日,01时,35分,22秒,北纬,40度,47.706分,111度,41.700分,西经,
17年,05月,10日,01时,35分,23秒,北纬,40度,47.710分,111度,41.699分,西经,
17年,05月,10日,01时,35分,24秒,北纬,40度,47.713分,111度,41.698分,西经,
17年,05月,10日,01时,35分,25秒,北纬,40度,47.716分,111度,41.697分,西经,
17年,05月,10日,01时,35分,26秒,北纬,40度,47.718分,111度,41.696分,西经,
17年,05月,10日,01时,35分,27秒,北纬,40度,47.719分,111度,41.696分,西经,
17年,05月,10日,01时,35分,28秒,北纬,40度,47.719分,111度,41.696分,西经,
17年,05月,10日,01时,35分,29秒,北纬,40度,47.719分,111度,41.695分,西经,
17年,05月,10日,01时,35分,30秒,北纬,40度,47.719分,111度,41.695分,西经,
17年,05月,10日,01时,35分,31秒,北纬,40度,47.719分,111度,41.695分,西经,
17年,05月,10日,01时,35分,32秒,北纬,40度,47.719分,111度,41.695分,西经,
17年,05月,10日,01时,35分,33秒,北纬,40度,47.719分,111度,41.695分,西经,
17年,05月,10日,01时,35分,34秒,北纬,40度,47.719分,111度,41.695分,西经,
17年,05月,10日,01时,35分,35秒,北纬,40度,47.719分,111度,41.695分,西经,
17年,05月,10日,01时,35分,36秒,北纬,40度,47.719分,111度,41.695分,西经,
17年,05月,10日,01时,35分,37秒,北纬,40度,47.719分,111度,41.695分,西经,
17年,05月,10日,01时,35分,38秒,北纬,40度,47.719分,111度,41.695分,西经,
17年,05月,10日,01时,35分,39秒,北纬,40度,47.719分,111度,41.695分,西经,
17年,05月,10日,01时,35分,40秒,北纬,40度,47.719分,111度,41.695分,西经,
17年,05月,10日,01时,35分,41秒,北纬,40度,47.719分,111度,41.695分,西经,
17年,05月,10日,01时,35分,42秒,北纬,40度,47.719分,111度,41.695分,西经,
17年,05月,10日,01时,35分,43秒,北纬,40度,47.719分,111度,41.695分,西经,
17年,05月,10日,01时,35分,44秒,北纬,40度,47.719分,111度,41.695分,西经,
17年,05月,10日,01时,35分,45秒,北纬,40度,47.719分,111度,41.695分,西经,
17年,05月,10日,01时,35分,46秒,北纬,40度,47.719分,111度,41.695分,西经,
17年,05月,10日,01时,35分,47秒,北纬,40度,47.719分,111度,41.695分,西经,
17年,05月,10日,01时,35分,48秒,北纬,40度,47.719分,111度,41.695分,西经,
17年,05月,10日,01时,35分,49秒,北纬,40度,47.719分,111度,41.695分,西经,
17年,05月,10日,01时,35分,50秒,北纬,40度,47.719分,111度,41.695分,西经,
17年,05月,10日,01时,35分,51秒,北纬,40度,47.719分,111度,41.695分,西经,
17年,05月,10日,01时,35分,52秒,北纬,40度,47.719分,111度,41.695分,西经,
17年,05月,10日,01时,35分,53秒,北纬,40度,47.719分,111度,41.695分,西经,
17年,05月,10日,01时,35分,54秒,北纬,40度,47.719分,111度,41.695分,西经,
17年,05月,10日,01时,35分,55秒,北纬,40度,47.719分,111度,41.695分,西经,
17年,05月,10日,01时,35分,56秒,北纬,40度,47.719分,111度,41.695分,西经,
17年,05月,10日,01时,35分,57秒,北纬,40度,47.719分,111度,41.695分,西经,
17年,05月,10日,01时,35分,58秒,北纬,40度,47.719分,111度,41.695分,西经,
17年,05月,10日,01时,35分,59秒,北纬,40度,47.719分,111度,41.695分,西经,
17年,05月,10日,01时,36分,00秒,北纬,40度,47.719分,111度,41.695分,西经,
17年,05月,10日,01时,36分,01秒,北纬,40度,47.719分,111度,41.695分,西经,
17年,05月,10日,01时,36分,02秒,北纬,40度,47.719分,111度,41.695分,西经,
17年,05月,10日,01时,36分,03秒,北纬,40度,47.719分,111度,41.695分,西经,
17年,05月,10日,01时,36分,04秒,北纬,40度,47.719分,111度,41.695分,西经,
17年,05月,10日,01时,36分,05秒,北纬,40度,47.719分,111度,41.695分,西经,
17年,05月,10日,01时,36分,06秒,北纬,40度,47.719分,111度,41.695分,西经,
17年,05月,10日,01时,36分,07秒,北纬,40度,47.719分,111度,41.695分,西经,
17年,05月,10日,01时,36分,08秒,北纬,40度,47.719分,111度,41.695分,西经,
17年,05月,10日,01时,36分,09秒,北纬,40度,47.719分,111度,41.695分,西经,
17年,05月,10日,01时,36分,10秒,北纬,40度,47.719分,111度,41.695分,西经,
17年,05月,10日,01时,36分,11秒,北纬,40度,47.719分,111度,41.695分,西经,
17年,05月,10日,01时,36分,12秒,北纬,40度,47.719分,111度,41.695分,西经,
17年,05月,10日,01时,36分,13秒,北纬,40度,47.719分,111度,41.695分,西经,
17年,05月,10日,01时,36分,14秒,北纬,40度,47.719分,111度,41.695分,西经,
17年,05月,10日,01时,36分,15秒,北纬,40度,47.719分,111度,41.695分,西经,
17年,05月,10日,01时,36分,16秒,北纬,40度,47.719分,111度,41.695分,西经,
17年,05月,10日,01时,36分,17秒,北纬,40度,47.719分,111度,41.695分,西经,
17年,05月,10日,01时,36分,18秒,北纬,40度,47.719分,111度,41.695分,西经,
17年,05月,10日,01时,36分,19秒,北纬,40度,47.719分,111度,41.695分,西经,
17年,05月,10日,01时,36分,20秒,北纬,40度,47.719分,111度,41.695分,西经,
17年,05月,10日,01时,36分,21秒,北纬,40度,47.719分,111度,41.695分,西经,
17年,05月,10日,01时,36分,22秒,北纬,40度,47.719分,111度,41.695分,西经,
17年,05月,10日,01时,36分,23秒,北纬,40度,47.719分,111度,41.695分,西经,
17年,05月,10日,01时,36分,24秒,北纬,40度,47.719分,111度,41.695分,西经,
17年,05月,10日,01时,36分,25秒,北纬,40度,47.719分,111度,41.695分,西经,
17年,05月,10日,01时,36分,26秒,北纬,40度,47.719分,111度,41.695分,西经,
17年,05月,10日,01时,36分,27秒,北纬,40度,47.719分,111度,41.695分,西经,
17年,05月,10日,01时,36分,28秒,北纬,40度,47.719分,111度,41.695分,西经,
17年,05月,10日,01时,36分,29秒,北纬,40度,47.719分,111度,41.695分,西经,
17年,05月,10日,01时,36分,30秒,北纬,40度,47.719分,111度,41.695分,西经,
17年,05月,10日,01时,36分,31秒,北纬,40度,47.719分,111度,41.695分,西经,
17年,05月,10日,01时,36分,32秒,北纬,40度,47.719分,111度,41.695分,西经,
17年,05月,10日,01时,36分,33秒,北纬,40度,47.719分,111度,41.695分,西经,
17年,05月,10日,01时,36分,34秒,北纬,40度,47.719分,111度,41.695分,西经,
17年,05月,10日,01时,36分,35秒,北纬,40度,47.719分,111度,41.695分,西经,
17年,05月,10日,01时,36分,36秒,北纬,40度,47.719分,111度,41.695分,西经,
17年,05月,10日,01时,36分,37秒,北纬,40度,47.719分,111度,41.695分,西经,
17年,05月,10日,01时,36分,38秒,北纬,40度,47.719分,111度,41.695分,西经,
17年,05月,10日,01时,36分,39秒,北纬,40度,47.719分,111度,41.695分,西经,
17年,05月,10日,01时,36分,40秒,北纬,40度,47.719分,111度,41.695分,西经,
17年,05月,10日,01时,36分,41秒,北纬,40度,47.719分,111度,41.695分,西经,
17年,05月,10日,01时,36分,42秒,北纬,40度,47.719分,111度,41.695分,西经,
17年,05月,10日,01时,36分,43秒,北纬,40度,47.719分,111度,41.695分,西经,
17年,05月,10日,01时,36分,44秒,北纬,40度,47.719分,111度,41.695分,西经,
17年,05月,10日,01时,36分,45秒,北纬,40度,47.719分,111度,41.695分,西经,
17年,05月,10日,01时,36分,46秒,北纬,40度,47.719分,111度,41.695分,西经,
17年,05月,10日,01时,36分,47秒,北纬,40度,47.719分,111度,41.695分,西经,
17年,05月,10日,01时,36分,48秒,北纬,40度,47.719分,111度,41.695分,西经,
17年,05月,10日,01时,36分,49秒,北纬,40度,47.719分,111度,41.695分,西经,
17年,05月,10日,01时,36分,50秒,北纬,40度,47.719分,111度,41.695分,西经,
17年,05月,10日,01时,36分,51秒,北纬,40度,47.719分,111度,41.695分,西经,
17年,05月,10日,01时,36分,52秒,北纬,40度,47.719分,111度,41.695分,西经,
17年,05月,10日,01时,36分,53秒,北纬,40度,47.719分,111度,41.695分,西经,
17年,05月,10日,01时,36分,54秒,北纬,40度,47.719分,111度,41.695分,西经,
17年,05月,10日,01时,36分,55秒,北纬,40度,47.719分,111度,41.695分,西经,
17年,05月,10日,01时,36分,56秒,北纬,40度,47.719分,111度,41.695分,西经,
17年,05月,10日,01时,36分,57秒,北纬,40度,47.719分,111度,41.695分,西经,
17年,05月,10日,01时,36分,58秒,北纬,40度,47.719分,111度,41.695分,西经,
17年,05月,10日,01时,36分,59秒,北纬,40度,47.719分,111度,41.695分,西经,
17年,05月,10日,01时,37分,00秒,北纬,40度,47.719分,111度,41.695分,西经,
17年,05月,10日,01时,37分,01秒,北纬,40度,47.719分,111度,41.695分,西经,
17年,05月,10日,01时,37分,02秒,北纬,40度,47.719分,111度,41.695分,西经,
17年,05月,10日,01时,37分,03秒,北纬,40度,47.719分,111度,41.695分,西经,
17年,05月,10日,01时,37分,04秒,北纬,40度,47.719分,111度,41.695分,西经,
17年,05月,10日,01时,37分,05秒,北纬,40度,47.722分,111度,41.691分,西经,
17年,05月,10日,01时,37分,06秒,北纬,40度,47.724分,111度,41.690分,西经,
17年,05月,10日,01时,37分,07秒,北纬,40度,47.726分,111度,41.688分,西经,
17年,05月,10日,01时,37分,08秒,北纬,40度,47.730分,111度,41.687分,西经,
17年,05月,10日,01时,37分,09秒,北纬,40度,47.733分,111度,41.685分,西经,
17年,05月,10日,01时,37分,10秒,北纬,40度,47.737分,111度,41.682分,西经,
17年,05月,10日,01时,37分,11秒,北纬,40度,47.742分,111度,41.680分,西经,
17年,05月,10日,01时,37分,12秒,北纬,40度,47.746分,111度,41.678分,西经,
17年,05月,10日,01时,37分,13秒,北纬,40度,47.750分,111度,41.676分,西经,
17年,05月,10日,01时,37分,14秒,北纬,40度,47.755分,111度,41.673分,西经,
17年,05月,10日,01时,37分,15秒,北纬,40度,47.760分,111度,41.670分,西经,
17年,05月,10日,01时,37分,16秒,北纬,40度,47.765分,111度,41.668分,西经,
17年,05月,10日,01时,37分,17秒,北纬,40度,47.770分,111度,41.665分,西经,
17年,05月,10日,01时,37分,18秒,北纬,40度,47.776分,111度,41.663分,西经,
17年,05月,10日,01时,37分,19秒,北纬,40度,47.781分,111度,41.660分,西经,
17年,05月,10日,01时,37分,20秒,北纬,40度,47.787分,111度,41.658分,西经,
17年,05月,10日,01时,37分,21秒,北纬,40度,47.793分,111度,41.656分,西经,
17年,05月,10日,01时,37分,22秒,北纬,40度,47.800分,111度,41.653分,西经,
17年,05月,10日,01时,37分,23秒,北纬,40度,47.806分,111度,41.650分,西经,
17年,05月,10日,01时,37分,24秒,北纬,40度,47.813分,111度,41.648分,西经,
17年,05月,10日,01时,37分,25秒,北纬,40度,47.818分,111度,41.646分,西经,
17年,05月,10日,01时,37分,26秒,北纬,40度,47.823分,111度,41.645分,西经,
17年,05月,10日,01时,37分,27秒,北纬,40度,47.827分,111度,41.644分,西经,
17年,05月,10日,01时,37分,28秒,北纬,40度,47.830分,111度,41.642分,西经,
17年,05月,10日,01时,37分,29秒,北纬,40度,47.832分,111度,41.641分,西经,
17年,05月,10日,01时,37分,30秒,北纬,40度,47.834分,111度,41.640分,西经,
17年,05月,10日,01时,37分,31秒,北纬,40度,47.836分,111度,41.639分,西经,
17年,05月,10日,01时,37分,32秒,北纬,40度,47.838分,111度,41.638分,西经,
17年,05月,10日,01时,37分,33秒,北纬,40度,47.840分,111度,41.637分,西经,
17年,05月,10日,01时,37分,34秒,北纬,40度,47.844分,111度,41.635分,西经,
17年,05月,10日,01时,37分,35秒,北纬,40度,47.848分,111度,41.633分,西经,
17年,05月,10日,01时,37分,36秒,北纬,40度,47.853分,111度,41.630分,西经,
17年,05月,10日,01时,37分,37秒,北纬,40度,47.857分,111度,41.628分,西经,
17年,05月,10日,01时,37分,38秒,北纬,40度,47.862分,111度,41.626分,西经,
17年,05月,10日,01时,37分,39秒,北纬,40度,47.867分,111度,41.623分,西经,
17年,05月,10日,01时,37分,40秒,北纬,40度,47.873分,111度,41.621分,西经,
17年,05月,10日,01时,37分,41秒,北纬,40度,47.878分,111度,41.619分,西经,
17年,05月,10日,01时,37分,42秒,北纬,40度,47.883分,111度,41.617分,西经,
17年,05月,10日,01时,37分,43秒,北纬,40度,47.889分,111度,41.615分,西经,
17年,05月,10日,01时,37分,44秒,北纬,40度,47.894分,111度,41.612分,西经,
17年,05月,10日,01时,37分,45秒,北纬,40度,47.899分,111度,41.610分,西经,
17年,05月,10日,01时,37分,46秒,北纬,40度,47.904分,111度,41.607分,西经,
17年,05月,10日,01时,37分,47秒,北纬,40度,47.909分,111度,41.605分,西经,
17年,05月,10日,01时,37分,48秒,北纬,40度,47.914分,111度,41.603分,西经,
17年,05月,10日,01时,37分,49秒,北纬,40度,47.919分,111度,41.601分,西经,
17年,05月,10日,01时,37分,50秒,北纬,40度,47.923分,111度,41.599分,西经,
17年,05月,10日,01时,37分,51秒,北纬,40度,47.927分,111度,41.597分,西经,
17年,05月,10日,01时,37分,52秒,北纬,40度,47.930分,111度,41.594分,西经,
17年,05月,10日,01时,37分,53秒,北纬,40度,47.934分,111度,41.593分,西经,
17年,05月,10日,01时,37分,54秒,北纬,40度,47.937分,111度,41.591分,西经,
17年,05月,10日,01时,37分,55秒,北纬,40度,47.939分,111度,41.590分,西经,
17年,05月,10日,01时,37分,56秒,北纬,40度,47.942分,111度,41.589分,西经,
17年,05月,10日,01时,37分,57秒,北纬,40度,47.945分,111度,41.587分,西经,
17年,05月,10日,01时,37分,58秒,北纬,40度,47.947分,111度,41.587分,西经,
17年,05月,10日,01时,37分,59秒,北纬,40度,47.950分,111度,41.586分,西经,
17年,05月,10日,01时,38分,00秒,北纬,40度,47.952分,111度,41.586分,西经,
17年,05月,10日,01时,38分,01秒,北纬,40度,47.955分,111度,41.585分,西经,
17年,05月,10日,01时,38分,02秒,北纬,40度,47.957分,111度,41.584分,西经,
17年,05月,10日,01时,38分,03秒,北纬,40度,47.959分,111度,41.583分,西经,
17年,05月,10日,01时,38分,04秒,北纬,40度,47.961分,111度,41.582分,西经,
17年,05月,10日,01时,38分,05秒,北纬,40度,47.963分,111度,41.582分,西经,
17年,05月,10日,01时,38分,06秒,北纬,40度,47.964分,111度,41.581分,西经,
17年,05月,10日,01时,38分,07秒,北纬,40度,47.964分,111度,41.582分,西经,
17年,05月,10日,01时,38分,08秒,北纬,40度,47.965分,111度,41.581分,西经,
17年,05月,10日,01时,38分,09秒,北纬,40度,47.965分,111度,41.581分,西经,
17年,05月,10日,01时,38分,10秒,北纬,40度,47.966分,111度,41.580分,西经,
17年,05月,10日,01时,38分,11秒,北纬,40度,47.966分,111度,41.580分,西经,
17年,05月,10日,01时,38分,12秒,北纬,40度,47.966分,111度,41.580分,西经,
17年,05月,10日,01时,38分,13秒,北纬,40度,47.966分,111度,41.580分,西经,
17年,05月,10日,01时,38分,14秒,北纬,40度,47.966分,111度,41.580分,西经,
17年,05月,10日,01时,38分,15秒,北纬,40度,47.966分,111度,41.580分,西经,
17年,05月,10日,01时,38分,16秒,北纬,40度,47.966分,111度,41.580分,西经,
17年,05月,10日,01时,38分,17秒,北纬,40度,47.966分,111度,41.580分,西经,
17年,05月,10日,01时,38分,18秒,北纬,40度,47.966分,111度,41.580分,西经,
17年,05月,10日,01时,38分,19秒,北纬,40度,47.967分,111度,41.580分,西经,
17年,05月,10日,01时,38分,20秒,北纬,40度,47.967分,111度,41.579分,西经,
17年,05月,10日,01时,38分,21秒,北纬,40度,47.969分,111度,41.579分,西经,
17年,05月,10日,01时,38分,22秒,北纬,40度,47.970分,111度,41.579分,西经,
17年,05月,10日,01时,38分,23秒,北纬,40度,47.970分,111度,41.578分,西经,
17年,05月,10日,01时,38分,24秒,北纬,40度,47.970分,111度,41.578分,西经,
17年,05月,10日,01时,38分,25秒,北纬,40度,47.971分,111度,41.578分,西经,
17年,05月,10日,01时,38分,26秒,北纬,40度,47.971分,111度,41.578分,西经,
17年,05月,10日,01时,38分,27秒,北纬,40度,47.971分,111度,41.578分,西经,
17年,05月,10日,01时,38分,28秒,北纬,40度,47.971分,111度,41.578分,西经,
17年,05月,10日,01时,38分,29秒,北纬,40度,47.971分,111度,41.578分,西经,
17年,05月,10日,01时,38分,30秒,北纬,40度,47.971分,111度,41.578分,西经,
17年,05月,10日,01时,38分,31秒,北纬,40度,47.971分,111度,41.578分,西经,
17年,05月,10日,01时,38分,32秒,北纬,40度,47.971分,111度,41.578分,西经,
17年,05月,10日,01时,38分,33秒,北纬,40度,47.971分,111度,41.578分,西经,
17年,05月,10日,01时,38分,34秒,北纬,40度,47.971分,111度,41.578分,西经,
17年,05月,10日,01时,38分,35秒,北纬,40度,47.971分,111度,41.578分,西经,
17年,05月,10日,01时,38分,36秒,北纬,40度,47.971分,111度,41.578分,西经,
17年,05月,10日,01时,38分,37秒,北纬,40度,47.972分,111度,41.578分,西经,
17年,05月,10日,01时,38分,38秒,北纬,40度,47.972分,111度,41.578分,西经,
17年,05月,10日,01时,38分,39秒,北纬,40度,47.973分,111度,41.578分,西经,
17年,05月,10日,01时,38分,40秒,北纬,40度,47.973分,111度,41.577分,西经,
17年,05月,10日,01时,38分,41秒,北纬,40度,47.974分,111度,41.577分,西经,
17年,05月,10日,01时,38分,42秒,北纬,40度,47.974分,111度,41.577分,西经,
17年,05月,10日,01时,38分,43秒,北纬,40度,47.975分,111度,41.577分,西经,
17年,05月,10日,01时,38分,44秒,北纬,40度,47.975分,111度,41.577分,西经,
17年,05月,10日,01时,38分,45秒,北纬,40度,47.975分,111度,41.577分,西经,
17年,05月,10日,01时,38分,46秒,北纬,40度,47.975分,111度,41.577分,西经,
17年,05月,10日,01时,38分,47秒,北纬,40度,47.975分,111度,41.577分,西经,
17年,05月,10日,01时,38分,48秒,北纬,40度,47.976分,111度,41.577分,西经,
17年,05月,10日,01时,38分,49秒,北纬,40度,47.976分,111度,41.577分,西经,
17年,05月,10日,01时,38分,50秒,北纬,40度,47.976分,111度,41.577分,西经,
17年,05月,10日,01时,38分,51秒,北纬,40度,47.976分,111度,41.577分,西经,
17年,05月,10日,01时,38分,52秒,北纬,40度,47.976分,111度,41.577分,西经,
17年,05月,10日,01时,38分,53秒,北纬,40度,47.976分,111度,41.577分,西经,
17年,05月,10日,01时,38分,54秒,北纬,40度,47.976分,111度,41.577分,西经,
17年,05月,10日,01时,38分,55秒,北纬,40度,47.976分,111度,41.577分,西经,
17年,05月,10日,01时,38分,56秒,北纬,40度,47.976分,111度,41.577分,西经,
17年,05月,10日,01时,38分,57秒,北纬,40度,47.976分,111度,41.577分,西经,
17年,05月,10日,01时,38分,58秒,北纬,40度,47.976分,111度,41.577分,西经,
17年,05月,10日,01时,38分,59秒,北纬,40度,47.976分,111度,41.577分,西经,
17年,05月,10日,01时,39分,00秒,北纬,40度,47.976分,111度,41.577分,西经,
17年,05月,10日,01时,39分,01秒,北纬,40度,47.976分,111度,41.577分,西经,
17年,05月,10日,01时,39分,02秒,北纬,40度,47.976分,111度,41.577分,西经,
17年,05月,10日,01时,39分,03秒,北纬,40度,47.976分,111度,41.577分,西经,
17年,05月,10日,01时,39分,04秒,北纬,40度,47.976分,111度,41.577分,西经,
17年,05月,10日,01时,39分,05秒,北纬,40度,47.976分,111度,41.577分,西经,
17年,05月,10日,01时,39分,06秒,北纬,40度,47.976分,111度,41.577分,西经,
17年,05月,10日,01时,39分,07秒,北纬,40度,47.976分,111度,41.577分,西经,
17年,05月,10日,01时,39分,08秒,北纬,40度,47.976分,111度,41.577分,西经,
17年,05月,10日,01时,39分,09秒,北纬,40度,47.976分,111度,41.577分,西经,
17年,05月,10日,01时,39分,10秒,北纬,40度,47.976分,111度,41.577分,西经,
17年,05月,10日,01时,39分,11秒,北纬,40度,47.976分,111度,41.577分,西经,
17年,05月,10日,01时,39分,12秒,北纬,40度,47.976分,111度,41.577分,西经,
17年,05月,10日,01时,39分,13秒,北纬,40度,47.977分,111度,41.576分,西经,
17年,05月,10日,01时,39分,14秒,北纬,40度,47.978分,111度,41.575分,西经,
17年,05月,10日,01时,39分,15秒,北纬,40度,47.981分,111度,41.574分,西经,
17年,05月,10日,01时,39分,16秒,北纬,40度,47.983分,111度,41.573分,西经,
17年,05月,10日,01时,39分,17秒,北纬,40度,47.986分,111度,41.572分,西经,
17年,05月,10日,01时,39分,18秒,北纬,40度,47.990分,111度,41.570分,西经,
17年,05月,10日,01时,39分,19秒,北纬,40度,47.993分,111度,41.569分,西经,
17年,05月,10日,01时,39分,20秒,北纬,40度,47.996分,111度,41.567分,西经,
17年,05月,10日,01时,39分,21秒,北纬,40度,47.998分,111度,41.566分,西经,
17年,05月,10日,01时,39分,22秒,北纬,40度,48.000分,111度,41.565分,西经,
17年,05月,10日,01时,39分,23秒,北纬,40度,48.002分,111度,41.564分,西经,
17年,05月,10日,01时,39分,24秒,北纬,40度,48.005分,111度,41.562分,西经,
17年,05月,10日,01时,39分,25秒,北纬,40度,48.007分,111度,41.560分,西经,
17年,05月,10日,01时,39分,26秒,北纬,40度,48.010分,111度,41.559分,西经,
17年,05月,10日,01时,39分,27秒,北纬,40度,48.013分,111度,41.557分,西经,
17年,05月,10日,01时,39分,28秒,北纬,40度,48.016分,111度,41.555分,西经,
17年,05月,10日,01时,39分,29秒,北纬,40度,48.020分,111度,41.554分,西经,
17年,05月,10日,01时,39分,30秒,北纬,40度,48.024分,111度,41.552分,西经,
17年,05月,10日,01时,39分,31秒,北纬,40度,48.028分,111度,41.550分,西经,
17年,05月,10日,01时,39分,31秒,北纬,40度,48.028分,111度,41.550分,西经,
17年,05月,10日,01时,39分,32秒,北纬,40度,48.031分,111度,41.549分,西经,
17年,05月,10日,01时,39分,33秒,北纬,40度,48.034分,111度,41.547分,西经,
17年,05月,10日,01时,39分,34秒,北纬,40度,48.037分,111度,41.546分,西经,
17年,05月,10日,01时,39分,35秒,北纬,40度,48.039分,111度,41.545分,西经,
17年,05月,10日,01时,39分,36秒,北纬,40度,48.042分,111度,41.544分,西经,
17年,05月,10日,01时,39分,37秒,北纬,40度,48.045分,111度,41.543分,西经,
17年,05月,10日,01时,39分,38秒,北纬,40度,48.047分,111度,41.541分,西经,
17年,05月,10日,01时,39分,39秒,北纬,40度,48.051分,111度,41.540分,西经,
17年,05月,10日,01时,39分,40秒,北纬,40度,48.054分,111度,41.538分,西经,
17年,05月,10日,01时,39分,41秒,北纬,40度,48.058分,111度,41.535分,西经,
17年,05月,10日,01时,39分,42秒,北纬,40度,48.063分,111度,41.533分,西经,
17年,05月,10日,01时,39分,44秒,北纬,40度,48.072分,111度,41.529分,西经,
17年,05月,10日,01时,39分,45秒,北纬,40度,48.076分,111度,41.527分,西经,
17年,05月,10日,01时,39分,46秒,北纬,40度,48.081分,111度,41.526分,西经,
17年,05月,10日,01时,39分,46秒,北纬,40度,48.081分,111度,41.526分,西经,
17年,05月,10日,01时,39分,48秒,北纬,40度,48.092分,111度,41.523分,西经,
17年,05月,10日,01时,39分,48秒,北纬,40度,48.092分,111度,41.523分,西经,
17年,05月,10日,01时,39分,50秒,北纬,40度,48.103分,111度,41.519分,西经,
17年,05月,10日,01时,39分,50秒,北纬,40度,48.103分,111度,41.519分,西经,
17年,05月,10日,01时,39分,51秒,北纬,40度,48.108分,111度,41.516分,西经,
17年,05月,10日,01时,39分,52秒,北纬,40度,48.113分,111度,41.513分,西经,
17年,05月,10日,01时,39分,53秒,北纬,40度,48.119分,111度,41.510分,西经,
17年,05月,10日,01时,39分,55秒,北纬,40度,48.131分,111度,41.505分,西经,
17年,05月,10日,01时,39分,55秒,北纬,40度,48.131分,111度,41.505分,西经,
17年,05月,10日,01时,39分,56秒,北纬,40度,48.137分,111度,41.502分,西经,
17年,05月,10日,01时,39分,57秒,北纬,40度,48.142分,111度,41.499分,西经,
17年,05月,10日,01时,39分,58秒,北纬,40度,48.148分,111度,41.496分,西经,
17年,05月,10日,01时,39分,59秒,北纬,40度,48.153分,111度,41.494分,西经,
17年,05月,10日,01时,40分,00秒,北纬,40度,48.158分,111度,41.492分,西经,
17年,05月,10日,01时,40分,02秒,北纬,40度,48.168分,111度,41.488分,西经,
17年,05月,10日,01时,40分,02秒,北纬,40度,48.168分,111度,41.488分,西经,
17年,05月,10日,01时,40分,04秒,北纬,40度,48.178分,111度,41.483分,西经,
17年,05月,10日,01时,40分,04秒,北纬,40度,48.178分,111度,41.483分,西经,
17年,05月,10日,01时,40分,05秒,北纬,40度,48.183分,111度,41.481分,西经,
17年,05月,10日,01时,40分,06秒,北纬,40度,48.189分,111度,41.478分,西经,
17年,05月,10日,01时,40分,07秒,北纬,40度,48.193分,111度,41.476分,西经,
17年,05月,10日,01时,40分,08秒,北纬,40度,48.198分,111度,41.473分,西经,
17年,05月,10日,01时,40分,09秒,北纬,40度,48.203分,111度,41.471分,西经,
17年,05月,10日,01时,40分,10秒,北纬,40度,48.207分,111度,41.469分,西经,
17年,05月,10日,01时,40分,11秒,北纬,40度,48.212分,111度,41.466分,西经,
17年,05月,10日,01时,40分,12秒,北纬,40度,48.216分,111度,41.464分,西经,
17年,05月,10日,01时,40分,13秒,北纬,40度,48.221分,111度,41.462分,西经,
17年,05月,10日,01时,40分,14秒,北纬,40度,48.225分,111度,41.460分,西经,
17年,05月,10日,01时,40分,16秒,北纬,40度,48.235分,111度,41.455分,西经,
17年,05月,10日,01时,40分,16秒,北纬,40度,48.235分,111度,41.455分,西经,
17年,05月,10日,01时,40分,17秒,北纬,40度,48.240分,111度,41.452分,西经,
17年,05月,10日,01时,40分,19秒,北纬,40度,48.250分,111度,41.447分,西经,
17年,05月,10日,01时,40分,19秒,北纬,40度,48.250分,111度,41.447分,西经,
17年,05月,10日,01时,40分,20秒,北纬,40度,48.255分,111度,41.445分,西经,
17年,05月,10日,01时,40分,22秒,北纬,40度,48.262分,111度,41.441分,西经,
17年,05月,10日,01时,40分,22秒,北纬,40度,48.262分,111度,41.441分,西经,
17年,05月,10日,01时,40分,23秒,北纬,40度,48.265分,111度,41.439分,西经,
17年,05月,10日,01时,40分,24秒,北纬,40度,48.268分,111度,41.438分,西经,
17年,05月,10日,01时,40分,25秒,北纬,40度,48.270分,111度,41.438分,西经,
17年,05月,10日,01时,40分,26秒,北纬,40度,48.272分,111度,41.438分,西经,
17年,05月,10日,01时,40分,28秒,北纬,40度,48.273分,111度,41.438分,西经,
17年,05月,10日,01时,40分,29秒,北纬,40度,48.273分,111度,41.438分,西经,
17年,05月,10日,01时,40分,29秒,北纬,40度,48.273分,111度,41.438分,西经,
17年,05月,10日,01时,40分,30秒,北纬,40度,48.273分,111度,41.438分,西经,
17年,05月,10日,01时,40分,31秒,北纬,40度,48.273分,111度,41.437分,西经,
17年,05月,10日,01时,40分,32秒,北纬,40度,48.273分,111度,41.437分,西经,
17年,05月,10日,01时,40分,34秒,北纬,40度,48.273分,111度,41.437分,西经,
17年,05月,10日,01时,40分,34秒,北纬,40度,48.273分,111度,41.437分,西经,
17年,05月,10日,01时,40分,35秒,北纬,40度,48.273分,111度,41.437分,西经,
17年,05月,10日,01时,40分,36秒,北纬,40度,48.273分,111度,41.437分,西经,
17年,05月,10日,01时,40分,37秒,北纬,40度,48.273分,111度,41.436分,西经,
17年,05月,10日,01时,40分,38秒,北纬,40度,48.273分,111度,41.436分,西经,
17年,05月,10日,01时,40分,39秒,北纬,40度,48.273分,111度,41.436分,西经,
17年,05月,10日,01时,40分,40秒,北纬,40度,48.273分,111度,41.436分,西经,
17年,05月,10日,01时,40分,41秒,北纬,40度,48.273分,111度,41.436分,西经,
17年,05月,10日,01时,40分,42秒,北纬,40度,48.273分,111度,41.435分,西经,
17年,05月,10日,01时,40分,43秒,北纬,40度,48.272分,111度,41.434分,西经,
17年,05月,10日,01时,40分,44秒,北纬,40度,48.270分,111度,41.433分,西经,
17年,05月,10日,01时,40分,45秒,北纬,40度,48.268分,111度,41.434分,西经,
17年,05月,10日,01时,40分,46秒,北纬,40度,48.266分,111度,41.436分,西经,
17年,05月,10日,01时,40分,47秒,北纬,40度,48.263分,111度,41.437分,西经,
17年,05月,10日,01时,40分,48秒,北纬,40度,48.260分,111度,41.439分,西经,
17年,05月,10日,01时,40分,49秒,北纬,40度,48.257分,111度,41.440分,西经,
17年,05月,10日,01时,40分,50秒,北纬,40度,48.254分,111度,41.442分,西经,
17年,05月,10日,01时,40分,51秒,北纬,40度,48.250分,111度,41.444分,西经,
17年,05月,10日,01时,40分,52秒,北纬,40度,48.247分,111度,41.445分,西经,
17年,05月,10日,01时,40分,53秒,北纬,40度,48.243分,111度,41.447分,西经,
17年,05月,10日,01时,40分,54秒,北纬,40度,48.240分,111度,41.448分,西经,
17年,05月,10日,01时,40分,55秒,北纬,40度,48.236分,111度,41.450分,西经,
17年,05月,10日,01时,40分,56秒,北纬,40度,48.232分,111度,41.451分,西经,
17年,05月,10日,01时,40分,57秒,北纬,40度,48.229分,111度,41.452分,西经,
17年,05月,10日,01时,40分,58秒,北纬,40度,48.226分,111度,41.453分,西经,
17年,05月,10日,01时,40分,59秒,北纬,40度,48.223分,111度,41.454分,西经,
17年,05月,10日,01时,41分,00秒,北纬,40度,48.220分,111度,41.454分,西经,
17年,05月,10日,01时,41分,01秒,北纬,40度,48.219分,111度,41.454分,西经,
17年,05月,10日,01时,41分,02秒,北纬,40度,48.218分,111度,41.454分,西经,
17年,05月,10日,01时,41分,03秒,北纬,40度,48.217分,111度,41.454分,西经,
17年,05月,10日,01时,41分,04秒,北纬,40度,48.216分,111度,41.453分,西经,
17年,05月,10日,01时,41分,05秒,北纬,40度,48.215分,111度,41.452分,西经,
17年,05月,10日,01时,41分,06秒,北纬,40度,48.214分,111度,41.451分,西经,
17年,05月,10日,01时,41分,07秒,北纬,40度,48.214分,111度,41.450分,西经,
17年,05月,10日,01时,41分,08秒,北纬,40度,48.213分,111度,41.449分,西经,
17年,05月,10日,01时,41分,09秒,北纬,40度,48.213分,111度,41.447分,西经,
17年,05月,10日,01时,41分,10秒,北纬,40度,48.212分,111度,41.445分,西经,
17年,05月,10日,01时,41分,11秒,北纬,40度,48.212分,111度,41.444分,西经,
17年,05月,10日,01时,41分,12秒,北纬,40度,48.211分,111度,41.442分,西经,
17年,05月,10日,01时,41分,13秒,北纬,40度,48.211分,111度,41.442分,西经,
17年,05月,10日,01时,41分,15秒,北纬,40度,48.211分,111度,41.441分,西经,
17年,05月,10日,01时,41分,15秒,北纬,40度,48.211分,111度,41.441分,西经,
17年,05月,10日,01时,41分,16秒,北纬,40度,48.211分,111度,41.441分,西经,
17年,05月,10日,01时,41分,17秒,北纬,40度,48.211分,111度,41.441分,西经,
17年,05月,10日,01时,41分,18秒,北纬,40度,48.211分,111度,41.441分,西经,
17年,05月,10日,01时,41分,19秒,北纬,40度,48.211分,111度,41.441分,西经,
17年,05月,10日,01时,41分,20秒,北纬,40度,48.210分,111度,41.440分,西经,
17年,05月,10日,01时,41分,21秒,北纬,40度,48.211分,111度,41.438分,西经,
17年,05月,10日,01时,41分,23秒,北纬,40度,48.212分,111度,41.430分,西经,
17年,05月,10日,01时,41分,24秒,北纬,40度,48.212分,111度,41.425分,西经,
17年,05月,10日,01时,41分,24秒,北纬,40度,48.212分,111度,41.425分,西经,
17年,05月,10日,01时,41分,25秒,北纬,40度,48.212分,111度,41.421分,西经,
17年,05月,10日,01时,41分,26秒,北纬,40度,48.211分,111度,41.417分,西经,
17年,05月,10日,01时,41分,27秒,北纬,40度,48.210分,111度,41.414分,西经,
17年,05月,10日,01时,41分,28秒,北纬,40度,48.208分,111度,41.412分,西经,
17年,05月,10日,01时,41分,29秒,北纬,40度,48.207分,111度,41.410分,西经,
17年,05月,10日,01时,41分,30秒,北纬,40度,48.205分,111度,41.409分,西经,
17年,05月,10日,01时,41分,31秒,北纬,40度,48.203分,111度,41.408分,西经,
17年,05月,10日,01时,41分,32秒,北纬,40度,48.201分,111度,41.409分,西经,
17年,05月,10日,01时,41分,33秒,北纬,40度,48.199分,111度,41.409分,西经,
17年,05月,10日,01时,41分,34秒,北纬,40度,48.197分,111度,41.410分,西经,
17年,05月,10日,01时,41分,35秒,北纬,40度,48.195分,111度,41.411分,西经,
17年,05月,10日,01时,41分,36秒,北纬,40度,48.192分,111度,41.412分,西经,
17年,05月,10日,01时,41分,37秒,北纬,40度,48.189分,111度,41.413分,西经,
17年,05月,10日,01时,41分,38秒,北纬,40度,48.186分,111度,41.414分,西经,
17年,05月,10日,01时,41分,40秒,北纬,40度,48.180分,111度,41.417分,西经,
17年,05月,10日,01时,41分,40秒,北纬,40度,48.180分,111度,41.417分,西经,
17年,05月,10日,01时,41分,41秒,北纬,40度,48.177分,111度,41.418分,西经,
17年,05月,10日,01时,41分,42秒,北纬,40度,48.173分,111度,41.420分,西经,
17年,05月,10日,01时,41分,44秒,北纬,40度,48.166分,111度,41.423分,西经,
17年,05月,10日,01时,41分,44秒,北纬,40度,48.166分,111度,41.423分,西经,
17年,05月,10日,01时,41分,45秒,北纬,40度,48.163分,111度,41.425分,西经,
17年,05月,10日,01时,41分,47秒,北纬,40度,48.156分,111度,41.427分,西经,
17年,05月,10日,01时,41分,48秒,北纬,40度,48.152分,111度,41.429分,西经,
17年,05月,10日,01时,41分,48秒,北纬,40度,48.152分,111度,41.429分,西经,
17年,05月,10日,01时,41分,49秒,北纬,40度,48.149分,111度,41.430分,西经,
17年,05月,10日,01时,41分,50秒,北纬,40度,48.145分,111度,41.432分,西经,
17年,05月,10日,01时,41分,51秒,北纬,40度,48.142分,111度,41.433分,西经,
17年,05月,10日,01时,41分,52秒,北纬,40度,48.138分,111度,41.435分,西经,
17年,05月,10日,01时,41分,53秒,北纬,40度,48.134分,111度,41.437分,西经,
17年,05月,10日,01时,41分,54秒,北纬,40度,48.130分,111度,41.438分,西经,
17年,05月,10日,01时,41分,55秒,北纬,40度,48.126分,111度,41.440分,西经,
17年,05月,10日,01时,41分,56秒,北纬,40度,48.123分,111度,41.442分,西经,
17年,05月,10日,01时,41分,57秒,北纬,40度,48.120分,111度,41.443分,西经,
17年,05月,10日,01时,41分,58秒,北纬,40度,48.117分,111度,41.444分,西经,
17年,05月,10日,01时,41分,59秒,北纬,40度,48.114分,111度,41.446分,西经,
17年,05月,10日,01时,42分,00秒,北纬,40度,48.111分,111度,41.447分,西经,
17年,05月,10日,01时,42分,01秒,北纬,40度,48.108分,111度,41.448分,西经,
17年,05月,10日,01时,42分,02秒,北纬,40度,48.105分,111度,41.450分,西经,
17年,05月,10日,01时,42分,03秒,北纬,40度,48.102分,111度,41.451分,西经,
17年,05月,10日,01时,42分,04秒,北纬,40度,48.098分,111度,41.452分,西经,
17年,05月,10日,01时,42分,05秒,北纬,40度,48.096分,111度,41.453分,西经,
17年,05月,10日,01时,42分,06秒,北纬,40度,48.093分,111度,41.453分,西经,
17年,05月,10日,01时,42分,07秒,北纬,40度,48.091分,111度,41.452分,西经,
17年,05月,10日,01时,42分,08秒,北纬,40度,48.088分,111度,41.451分,西经,
17年,05月,10日,01时,42分,09秒,北纬,40度,48.087分,111度,41.449分,西经,
17年,05月,10日,01时,42分,10秒,北纬,40度,48.086分,111度,41.446分,西经,
17年,05月,10日,01时,42分,11秒,北纬,40度,48.085分,111度,41.443分,西经,
17年,05月,10日,01时,42分,13秒,北纬,40度,48.083分,111度,41.436分,西经,
17年,05月,10日,01时,42分,14秒,北纬,40度,48.082分,111度,41.433分,西经,
17年,05月,10日,01时,42分,14秒,北纬,40度,48.082分,111度,41.433分,西经,
17年,05月,10日,01时,42分,15秒,北纬,40度,48.081分,111度,41.431分,西经,
17年,05月,10日,01时,42分,16秒,北纬,40度,48.081分,111度,41.428分,西经,
17年,05月,10日,01时,42分,18秒,北纬,40度,48.079分,111度,41.423分,西经,
17年,05月,10日,01时,42分,18秒,北纬,40度,48.079分,111度,41.423分,西经,
17年,05月,10日,01时,42分,20秒,北纬,40度,48.078分,111度,41.419分,西经,
17年,05月,10日,01时,42分,20秒,北纬,40度,48.078分,111度,41.419分,西经,
17年,05月,10日,01时,42分,21秒,北纬,40度,48.077分,111度,41.417分,西经,
17年,05月,10日,01时,42分,23秒,北纬,40度,48.076分,111度,41.414分,西经,
17年,05月,10日,01时,42分,23秒,北纬,40度,48.076分,111度,41.414分,西经,
17年,05月,10日,01时,42分,24秒,北纬,40度,48.076分,111度,41.413分,西经,
17年,05月,10日,01时,42分,26秒,北纬,40度,48.075分,111度,41.411分,西经,
17年,05月,10日,01时,42分,26秒,北纬,40度,48.075分,111度,41.411分,西经,
17年,05月,10日,01时,42分,28秒,北纬,40度,48.075分,111度,41.408分,西经,
17年,05月,10日,01时,42分,28秒,北纬,40度,48.075分,111度,41.408分,西经,
17年,05月,10日,01时,42分,30秒,北纬,40度,48.074分,111度,41.404分,西经,
17年,05月,10日,01时,42分,31秒,北纬,40度,48.074分,111度,41.402分,西经,
17年,05月,10日,01时,42分,32秒,北纬,40度,48.075分,111度,41.401分,西经,
17年,05月,10日,01时,42分,32秒,北纬,40度,48.075分,111度,41.401分,西经,
17年,05月,10日,01时,42分,33秒,北纬,40度,48.076分,111度,41.400分,西经,
17年,05月,10日,01时,42分,35秒,北纬,40度,48.078分,111度,41.400分,西经,
17年,05月,10日,01时,42分,35秒,北纬,40度,48.078分,111度,41.400分,西经,
17年,05月,10日,01时,42分,37秒,北纬,40度,48.079分,111度,41.401分,西经,
17年,05月,10日,01时,42分,37秒,北纬,40度,48.079分,111度,41.401分,西经,
17年,05月,10日,01时,42分,39秒,北纬,40度,48.080分,111度,41.402分,西经,
17年,05月,10日,01时,42分,39秒,北纬,40度,48.080分,111度,41.402分,西经,
17年,05月,10日,01时,42分,40秒,北纬,40度,48.080分,111度,41.403分,西经,
17年,05月,10日,01时,42分,41秒,北纬,40度,48.080分,111度,41.403分,西经,
17年,05月,10日,01时,42分,42秒,北纬,40度,48.080分,111度,41.404分,西经,
17年,05月,10日,01时,42分,44秒,北纬,40度,48.080分,111度,41.405分,西经,
17年,05月,10日,01时,42分,44秒,北纬,40度,48.080分,111度,41.405分,西经,
17年,05月,10日,01时,42分,45秒,北纬,40度,48.081分,111度,41.405分,西经,
17年,05月,10日,01时,42分,47秒,北纬,40度,48.081分,111度,41.407分,西经,
17年,05月,10日,01时,42分,47秒,北纬,40度,48.081分,111度,41.407分,西经,
17年,05月,10日,01时,42分,49秒,北纬,40度,48.081分,111度,41.407分,西经,
17年,05月,10日,01时,42分,50秒,北纬,40度,48.081分,111度,41.407分,西经,
17年,05月,10日,01时,42分,50秒,北纬,40度,48.081分,111度,41.407分,西经,
17年,05月,10日,01时,42分,52秒,北纬,40度,48.081分,111度,41.408分,西经,
17年,05月,10日,01时,42分,53秒,北纬,40度,48.081分,111度,41.408分,西经,
17年,05月,10日,01时,42分,53秒,北纬,40度,48.081分,111度,41.408分,西经,
17年,05月,10日,01时,42分,55秒,北纬,40度,48.081分,111度,41.408分,西经,
17年,05月,10日,01时,42分,56秒,北纬,40度,48.081分,111度,41.408分,西经,
17年,05月,10日,01时,42分,56秒,北纬,40度,48.081分,111度,41.408分,西经,
17年,05月,10日,01时,42分,58秒,北纬,40度,48.081分,111度,41.408分,西经,
17年,05月,10日,01时,42分,58秒,北纬,40度,48.081分,111度,41.408分,西经,
17年,05月,10日,01时,43分,00秒,北纬,40度,48.081分,111度,41.408分,西经,
17年,05月,10日,01时,43分,00秒,北纬,40度,48.081分,111度,41.408分,西经,
17年,05月,10日,01时,43分,02秒,北纬,40度,48.081分,111度,41.408分,西经,
17年,05月,10日,01时,43分,03秒,北纬,40度,48.081分,111度,41.408分,西经,
17年,05月,10日,01时,43分,03秒,北纬,40度,48.081分,111度,41.408分,西经,
17年,05月,10日,01时,43分,05秒,北纬,40度,48.081分,111度,41.408分,西经,
17年,05月,10日,01时,43分,05秒,北纬,40度,48.081分,111度,41.408分,西经,
17年,05月,10日,01时,43分,06秒,北纬,40度,48.081分,111度,41.408分,西经,
17年,05月,10日,01时,43分,07秒,北纬,40度,48.081分,111度,41.408分,西经,
17年,05月,10日,01时,43分,09秒,北纬,40度,48.081分,111度,41.408分,西经,
17年,05月,10日,01时,43分,10秒,北纬,40度,48.081分,111度,41.408分,西经,
17年,05月,10日,01时,43分,10秒,北纬,40度,48.081分,111度,41.408分,西经,
17年,05月,10日,01时,43分,10秒,北纬,40度,48.081分,111度,41.408分,西经,
